,Unnamed: 0,Fuel Type Code,Station Name,Street Address,Intersection Directions,City,State,ZIP,Plus4,Station Phone,Status Code,Expected Date,Groups With Access Code,Access Days Time,Cards Accepted,BD Blends,NG Fill Type Code,NG PSI,EV Level1 EVSE Num,EV Level2 EVSE Num,EV DC Fast Count,EV Other Info,EV Network,EV Network Web,Geocode Status,Latitude,Longitude,Date Last Confirmed,ID,Distance,Updated At,Owner Type Code,Federal Agency ID,Federal Agency Name,Open Date,Hydrogen Status Link,NG Vehicle Class,LPG Primary,E85 Blender Pump,EV Connector Types,Country,Distance (km),Intersection Directions (French),Access Days Time (French),BD Blends (French),Groups With Access Code (French),Hydrogen Is Retail,Access Code,Access Detail Code,Federal Agency Code,Facility Type,CNG Dispenser Num,CNG On-Site Renewable Source,CNG Total Compression Capacity,CNG Storage Capacity,LNG On-Site Renewable Source,E85 Other Ethanol Blends,EV Pricing,EV Pricing (French),LPG Nozzle Types,Hydrogen Pressures,Hydrogen Standards,CNG Fill Type Code,CNG PSI,CNG Vehicle Class,LNG Vehicle Class,EV On-Site Renewable Source,Restricted Access,RD Blends,RD Blends (French),RD Blended with Biodiesel,RD Maximum Biodiesel Level,NPS Unit Name,CNG Station Sells Renewable Natural Gas,LNG Station Sells Renewable Natural Gas,Maximum Vehicle Class,EV Workplace Charging,Funding Sources
0,251.0,ELEC,Silver Creek Travel Centre - Tesla Supercharger,19700 Klassen Road,,Hope,BC,V0X 1L2,,877-798-3752,E,,Public,24 hours daily. Please check Tesla's online station map to see if an adapter is required at this location.,,,,,,,24.0,,Tesla,https://www.tesla.com/supercharger,GPS,49.363935,-121.478798,2024-07-01,200542,0.03899,2024-08-14 18:58:22 UTC,P,,,2021-10-11,,,,,TESLA,CA,0.06275,,Accessible 24 heures par jour. Veuillez consulter la carte des stations de recharge en ligne de Tesla pour voir si un adaptateur est requis à cet endroit.,,Public,,public,,,,,,,,,,,,,,,,,,,,,,,,,,,,,False,
1,145.0,ELEC,Guildford Town Centre - Tesla Supercharger,10355 152 Street,,Surrey,BC,V3R 7C1,,877-798-3752,E,,Public,24 hours daily. Please check Tesla's online station map to see if an adapter is required at this location.,,,,,,,20.0,,Tesla,https://www.tesla.com/supercharger,200-9,49.192336,-122.806141,2024-07-01,122267,0.66132,2024-08-14 18:58:22 UTC,P,,,2019-03-01,,,,,TESLA,CA,1.06429,,Accessible 24 heures par jour. Veuillez consulter la carte des stations de recharge en ligne de Tesla pour voir si un adaptateur est requis à cet endroit.,,Public,,public,,,,,,,,,,,,,,,,,,,,,,,,,,,,,False,
2,100.0,ELEC,The Amazing Brentwood - Tesla Supercharger,4567  Lougheed Highway,,Burnaby,BC,V5C 3Z6,,877-798-3752,E,,Public,24 hours daily. Please check Tesla's online station map to see if an adapter is required at this location.,A D Debit M V,,,,,,16.0,,Tesla,https://www.tesla.com/supercharger,GPS,49.26789891,-123.0027485,2024-07-01,211934,0.69601,2024-08-14 18:58:22 UTC,P,,,2022-03-17,,,,,TESLA,CA,1.12012,,Accessible 24 heures par jour. Veuillez consulter la carte des stations de recharge en ligne de Tesla pour voir si un adaptateur est requis à cet endroit.,,Public,,public,,,PARKING_GARAGE,,,,,,,,,,,,,,,,,False,,,,,,,,LD,False,
3,140.0,ELEC,1090 Lougheed Highway - Tesla Supercharger,1090 Lougheed Highway,,Coquitlam,BC,V3K 5V4,,877-798-3752,E,,Public,24 hours daily. Please check Tesla's online station map to see if an adapter is required at this location.,,,,,,,16.0,,Tesla,https://www.tesla.com/supercharger,GPS,49.2343,-122.862302,2024-07-01,200543,0.13148,2024-08-14 18:58:22 UTC,P,,,2021-10-11,,,,,TESLA,CA,0.2116,,Accessible 24 heures par jour. Veuillez consulter la carte des stations de recharge en ligne de Tesla pour voir si un adaptateur est requis à cet endroit.,,Public,,public,,,,,,,,,,,,,,,,,,,,,,,,,,,,,False,
4,184.0,ELEC,Holiday Inn Express & Suites Langley - Tesla Supercharger,8750 204 St,,Langley,BC,V1M 2Y5,,877-798-3752,E,,Public,24 hours daily. Please check Tesla's online station map to see if an adapter is required at this location.,A D Debit M V,,,,,,16.0,,Tesla,https://www.tesla.com/supercharger,GPS,49.1619948,-122.655641,2024-07-01,258274,0.09341,2024-08-14 18:58:22 UTC,P,,,2023-04-06,,,,,TESLA,CA,0.15033,,Accessible 24 heures par jour. Veuillez consulter la carte des stations de recharge en ligne de Tesla pour voir si un adaptateur est requis à cet endroit.,,Public,,public,,,PARKING_LOT,,,,,,,,,,,,,,,,,False,,,,,,,,LD,False,
5,272.0,ELEC,Best Western Plus Merritt Hotel - Tesla Supercharger,3969 Crawford Ave,,Merritt,BC,V1K 0A4,,877-798-3752,E,,Public,24 hours daily,A D Debit M V,,,,,,16.0,,Tesla,https://www.tesla.com/supercharger,GPS,50.124852,-120.748818,,371847,0.07841,2024-11-22 15:54:43 UTC,P,,,2024-11-18,,,,,TESLA,CA,0.12619,,24 heures par jour,,Public,,public,,,HOTEL,,,,,,,$0.61 per kWh,"0,61 $ par kWh",,,,,,,,,False,,,,,,,,LD,False,
6,200.0,ELEC,Highstreet Shopping Centre - Tesla Supercharger,3122 Mount Lehman Rd,,Abbotsford,BC,V4X 2K9,,877-798-3752,E,,Public,24 hours daily. Please check Tesla's online station map to see if an adapter is required at this location.,,,,,,,12.0,,Tesla,https://www.tesla.com/supercharger,GPS,49.058774,-122.37941,2024-07-01,157888,0.11584,2024-08-14 18:58:22 UTC,P,,,2020-05-01,,,,,TESLA,CA,0.18643,,Accessible 24 heures par jour. Veuillez consulter la carte des stations de recharge en ligne de Tesla pour voir si un adaptateur est requis à cet endroit.,,Public,,public,,,,,,,,,,,,,,,,,,,,,,,,,,,,,False,
7,244.0,ELEC,Cottonwood Centre - Tesla Supercharger,45585 Luckakuck Way,,Chilliwack,BC,V2R 1A1,,877-798-3752,E,,Public,24 hours daily. Please check Tesla's online station map to see if an adapter is required at this location.,A D Debit M V,,,,,,12.0,,Tesla,https://www.tesla.com/supercharger,GPS,49.141693,-121.963915,2024-07-01,206679,0.16807,2024-08-14 18:58:22 UTC,P,,,2022-02-15,,,,,TESLA,CA,0.27048,,Accessible 24 heures par jour. Veuillez consulter la carte des stations de recharge en ligne de Tesla pour voir si un adaptateur est requis à cet endroit.,,Public,,public,,,SHOPPING_CENTER,,,,,,,,,,,,,,,,,False,,,,,,,,LD,False,
8,291.0,ELEC,Columbia Square Shopping Centre - Tesla Supercharger,500  Notre Dame Drive,,Kamloops,BC,V2C 6T6,,877-798-3752,E,,Public,24 hours daily. Please check Tesla's online station map to see if an adapter is required at this location.,A D Debit M V,,,,,,12.0,,Tesla,https://www.tesla.com/supercharger,GPS,50.66398,-120.35053,2024-07-01,237717,0.14409,2024-08-14 18:58:22 UTC,P,,,2022-11-02,,,,,TESLA,CA,0.23189,,Accessible 24 heures par jour. Veuillez consulter la carte des stations de recharge en ligne de Tesla pour voir si un adaptateur est requis à cet endroit.,,Public,,public,,,SHOPPING_CENTER,,,,,,,,,,,,,,,,,False,,,,,,,,LD,False,
861,,ELEC,Enoch Park - Tesla Supercharger,1102 Macleod Trail SE,,Calgary,AB,T2G 2M8,,877-798-3752,E,,Public,24 hours daily. Please check Tesla's online station map to see if an adapter is required at this location.,,,,,,,12.0,,Tesla,https://www.tesla.com/supercharger,GPS,51.041789,-114.057458,2024-07-01,352627,0.34395,2024-08-14 18:58:22 UTC,P,,,,,,,,J1772COMBO TESLA,CA,0.55353,,Accessible 24 heures par jour. Veuillez consulter la carte des stations de recharge en ligne de Tesla pour voir si un adaptateur est requis à cet endroit.,,Public,,public,,,,,,,,,,,,,,,,,,,,,,,,,,,,,False,
1228,,ELEC,Bearspaw Kananaskis Travel Centre - Tesla Supercharger,100 Nakoda Way,,Kananaskis,AB,T0L 1N0,,877-798-3752,E,,Public,24 hours daily,A D Debit M V,,,,,,12.0,,Tesla,https://www.tesla.com/supercharger,GPS,51.099542,-115.015339,,355557,0.35468,2024-11-08 14:57:26 UTC,P,,,2024-09-06,,,,,TESLA,CA,0.5708,,,,Public,,public,,,TRAVEL_CENTER,,,,,,,$0.67 per kWh,,,,,,,,,,False,,,,,,,,LD,False,
9,305.0,ELEC,Clearwater Shopping Centre - Tesla Supercharger,365 Murtle Crescent,,Clearwater,BC,V0E 1N1,,877-798-3752,E,,Public,24 hours daily. Please check Tesla's online station map to see if an adapter is required at this location.,A D Debit M V,,,,,,8.0,,Tesla,https://www.tesla.com/supercharger,GPS,51.6506614,-120.039499,2024-07-01,329486,0.02456,2024-08-14 18:58:22 UTC,P,,,2024-02-16,,,,,TESLA,CA,0.03953,,Accessible 24 heures par jour. Veuillez consulter la carte des stations de recharge en ligne de Tesla pour voir si un adaptateur est requis à cet endroit.,,Public,,public,,,SHOPPING_CENTER,,,,,,,,,,,,,,,,,False,,,,,,,,LD,False,
10,312.0,ELEC,Valemount Esso - Tesla Supercharger,1506 Swift Creek Rd,,Valemount,BC,V0E 2Z0,,877-798-3752,E,,Public,24 hours daily. Please check Tesla's online station map to see if an adapter is required at this location.,A D Debit M V,,,,,,8.0,,Tesla,https://www.tesla.com/supercharger,GPS,52.83166702,-119.2784726,2024-07-01,329487,0.0523,2024-08-14 18:58:22 UTC,P,,,2024-02-16,,,,,TESLA,CA,0.08417,,Accessible 24 heures par jour. Veuillez consulter la carte des stations de recharge en ligne de Tesla pour voir si un adaptateur est requis à cet endroit.,,Public,,public,,,GAS_STATION,,,,,,,,,,,,,,,,,False,,,,,,,,LD,False,
11,316.0,ELEC,"Jasper, AB - Tesla Supercharger",218  Connaught Drive,,Jasper,AB,T0E 1E0,,877-798-3752,E,,Public,24 hours daily. Please check Tesla's online station map to see if an adapter is required at this location.,,,,,,,8.0,,Tesla,https://www.tesla.com/supercharger,GPS,52.880669,-118.078275,2024-07-01,236859,0.21583,2024-08-14 18:58:22 UTC,P,,,2022-10-03,,,,,TESLA,CA,0.34734,,Accessible 24 heures par jour. Veuillez consulter la carte des stations de recharge en ligne de Tesla pour voir si un adaptateur est requis à cet endroit.,,Public,,public,,,,,,,,,,,,,,,,,,,,,,,,,,,,,False,
621,,ELEC,Cache Creek Visitor Information Centre - Tesla Supercharger,1270 Stage Road,,Cache Creek,BC,V0K 1H0,,877-798-3752,E,,Public,24 hours daily. Please check Tesla's online station map to see if an adapter is required at this location.,,,,,,,8.0,,Tesla,https://www.tesla.com/supercharger,GPS,50.811028,-121.325075,2024-07-01,200533,0.01061,2024-08-14 18:58:22 UTC,P,,,2021-10-11,,,,,TESLA,CA,0.01708,,Accessible 24 heures par jour. Veuillez consulter la carte des stations de recharge en ligne de Tesla pour voir si un adaptateur est requis à cet endroit.,,Public,,public,,,,,,,,,,,,,,,,,,,,,,,,,,,,,False,
629,,ELEC,Prosperity Ridge - Tesla Supercharger,1185 Prosperity Way,,Williams Lake,BC,V2G 0A6,,877-798-3752,E,,Public,24 hours daily. Please check Tesla's online station map to see if an adapter is required at this location.,A D Debit M V,,,,,,8.0,,Tesla,https://www.tesla.com/supercharger,GPS,52.112878,-122.125087,2024-07-01,200556,0.83563,2024-08-14 18:58:22 UTC,P,,,2021-11-04,,,,,TESLA,CA,1.34482,,Accessible 24 heures par jour. Veuillez consulter la carte des stations de recharge en ligne de Tesla pour voir si un adaptateur est requis à cet endroit.,,Public,,public,,,SHOPPING_CENTER,,,,,,,,,,,,,,,,,False,,,,,,,,LD,False,
638,,ELEC,"Quesnel, BC - Tesla Supercharger",775 Rita Rd,,Quesnel,BC,V2J 0C2,,877-798-3752,E,,Public,24 hours daily. Please check Tesla's online station map to see if an adapter is required at this location.,,,,,,,8.0,,Tesla,https://www.tesla.com/supercharger,GPS,52.966834,-122.440384,2024-07-01,200527,0.08629,2024-08-14 18:58:22 UTC,P,,,2021-10-11,,,,,TESLA,CA,0.13887,,Accessible 24 heures par jour. Veuillez consulter la carte des stations de recharge en ligne de Tesla pour voir si un adaptateur est requis à cet endroit.,,Public,,public,,,,,,,,,,,,,,,,,,,,,,,,,,,,,False,
711,,ELEC,McBride Petro-Canada - Tesla Supercharger,795 Bridge Rd,,McBride,BC,V0J 2E0,,877-798-3752,E,,Public,24 hours daily. Please check Tesla's online station map to see if an adapter is required at this location.,A D Debit M V,,,,,,8.0,,Tesla,https://www.tesla.com/supercharger,GPS,53.305057,-120.160885,2024-07-01,347601,0.05581,2024-08-14 18:58:22 UTC,P,,,2024-06-05,,,,,TESLA,CA,0.08982,,Accessible 24 heures par jour. Veuillez consulter la carte des stations de recharge en ligne de Tesla pour voir si un adaptateur est requis à cet endroit.,,Public,,public,,,GAS_STATION,,,,,,,,,,,,,,,,,False,,,,,,,,LD,False,
757,,ELEC,Southgate Centre - Tesla Supercharger,5015 111 St NW,,Edmonton,AB,T6H 4M6,,877-798-3752,E,,Public,24 hours daily. Please check Tesla's online station map to see if an adapter is required at this location.,,,,,,,8.0,,Tesla,https://www.tesla.com/supercharger,200-9,53.486557,-113.515102,2024-07-01,122320,0.86431,2024-08-14 18:58:22 UTC,P,,,2019-03-01,,,,,TESLA,CA,1.39097,,Accessible 24 heures par jour. Veuillez consulter la carte des stations de recharge en ligne de Tesla pour voir si un adaptateur est requis à cet endroit.,,Public,,public,,,,,,,,,,,,,,,,,,,,,,,,,,,,,False,
784,,ELEC,179 Leva Ave - Tesla Supercharger,179 Leva Avenue,,Red Deer County,AB,T4E 1B9,,877-798-3752,E,,Public,24 hours daily. Please check Tesla's online station map to see if an adapter is required at this location.,,,,,,,8.0,,Tesla,https://www.tesla.com/supercharger,GPS,52.216416,-113.815797,2024-07-01,153427,0.06526,2024-08-14 18:58:22 UTC,P,,,2020-01-31,,,,,TESLA,CA,0.10503,,Accessible 24 heures par jour. Veuillez consulter la carte des stations de recharge en ligne de Tesla pour voir si un adaptateur est requis à cet endroit.,,Public,,public,,,,,,,,,,,,,,,,,,,,,,,,,,,,,False,
798,,ELEC,Crosslron Mills - Tesla Supercharger,261055 Crossiron Blvd,,Rocky View,AB,T4A 0G3,,877-798-3752,E,,Public,24 hours daily. Please check Tesla's online station map to see if an adapter is required at this location.,,,,,,,8.0,,Tesla,https://www.tesla.com/supercharger,GPS,51.204042,-113.989658,2024-07-01,122263,0.53639,2024-08-14 18:58:22 UTC,P,,,2019-03-01,,,,,TESLA,CA,0.86324,,Accessible 24 heures par jour. Veuillez consulter la carte des stations de recharge en ligne de Tesla pour voir si un adaptateur est requis à cet endroit.,,Public,,public,,,,,,,,,,,,,,,,,,,,,,,,,,,,,False,
1219,,ELEC,1702 Bow Valley Trail - Tesla Supercharger,1702 Bow Valley Trail,,Canmore,AB,T1W 1N5,,877-798-3752,E,,Public,24 hours daily. Please check Tesla's online station map to see if an adapter is required at this location.,,,,,,,8.0,,Tesla,https://www.tesla.com/supercharger,GPS,51.09656,-115.35776,2024-07-01,200551,0.18153,2024-08-14 18:58:22 UTC,P,,,2021-10-11,,,,,TESLA,CA,0.29214,,Accessible 24 heures par jour. Veuillez consulter la carte des stations de recharge en ligne de Tesla pour voir si un adaptateur est requis à cet endroit.,,Public,,public,,,,,,,,,,,,,,,,,,,,,,,,,,,,,False,
12,323.0,ELEC,Boston Pizza - Tesla Supercharger,4523 4 Avenue,,Edson,AB,T7E 1C3,,877-798-3752,E,,Public,24 hours daily. Please check Tesla's online station map to see if an adapter is required at this location.,,,,,,,6.0,,Tesla,https://www.tesla.com/supercharger,GPS,53.58557,-116.420913,2024-07-01,200528,0.07845,2024-08-14 18:58:22 UTC,P,,,2021-10-11,,,,,TESLA,CA,0.12625,,Accessible 24 heures par jour. Veuillez consulter la carte des stations de recharge en ligne de Tesla pour voir si un adaptateur est requis à cet endroit.,,Public,,public,,,,,,,,,,,,,,,,,,,,,,,,,,,,,False,
350,,ELEC,"Save-On-Foods / Fast Gas (Red Deer, AB)",6720 52nd Avenue,,Red Deer,AB,T4N 4K9,,833-231-3226,E,,Public,24 hours daily,,,,,,,6.0,,Electrify Canada,https://www.electrify-canada.ca/,GPS,52.289,-113.81809,2024-12-07,318048,0.87137,2024-12-07 10:09:22 UTC,,,,2023-11-10,,,,,J1772COMBO,CA,1.40233,,Accessible 24 heures par jour,,Public,,public,,,,,,,,,,,,,,,,,,,,,,,,,,,,,False,
654,,ELEC,River Point Landing - Tesla Supercharger,3036 Recplace Drive,,Prince George,BC,V2N 0G2,,877-798-3752,E,,Public,24 hours daily. Please check Tesla's online station map to see if an adapter is required at this location.,A D Debit M V,,,,,,6.0,,Tesla,https://www.tesla.com/supercharger,GPS,53.890585,-122.767819,2024-07-01,201345,0.76208,2024-08-14 18:58:22 UTC,P,,,2021-11-18,,,,,TESLA,CA,1.22645,,Accessible 24 heures par jour. Veuillez consulter la carte des stations de recharge en ligne de Tesla pour voir si un adaptateur est requis à cet endroit.,,Public,,public,,,SHOPPING_CENTER,,,,,,,,,,,,,,,,,False,,,,,,,,LD,False,
13,159.0,ELEC,On the Run EV Fast Charge,9450 200 St,,Langley Twp,BC,V1M 3A6,,604-513-8634,E,,Public,24 hours daily,A M V,,,,,,4.0,,ON_THE_RUN_EV,https://www.ontherunstores.com/ev-charging,GPS,49.1743526018187,-122.665851219137,2024-08-15,257066,0.7001,2024-08-15 13:50:48 UTC,P,,,2022-12-22,,,,,CHADEMO J1772COMBO,CA,1.1267,,24 heures par jour,,Public,,public,,,GAS_STATION,,,,,,,Price per kWh,Prix du kWh,,,,,,,,,False,,,,,,,,LD,False,
617,,ELEC,BC Hydro - Lytton - Skuppa Rest Area,Trans-Canada Hwy,,Lytton,BC,V0K 1Z0,,1-866-338-3369,E,,Public,24 hours daily,,,,,,,4.0,,BCHYDRO,https://www.bchydro.com/powersmart/electric-vehicles/charging/bc-hydro-ev-network.html,GPS,50.1794676,-121.5717557,2024-12-07,357728,0.02205,2024-12-07 12:28:31 UTC,,,,2024-10-09,,,,,CHADEMO J1772COMBO,CA,0.03549,,Accessible 24 heures par jour,,Public,,public,,,,,,,,,,,,,,,,,,,,,,,,,,,,,False,
790,,ELEC,"7Charge - Crossfield, AB 38821",283188 Range Rd 293,,Crossfield,AB,T0M 0S0,,844-711-2474,E,,Public,24 hours daily,,,,,,,4.0,,7CHARGE,https://www.7-eleven.com/7charge,200-8,51.413432884788,-114.001000299377,,367604,0.04892,2024-11-20 20:36:46 UTC,P,,,2024-10-23,,,,,CHADEMO J1772COMBO,CA,0.07873,,24 heures par jour,,Public,,public,,,CONVENIENCE_STORE,,,,,,,,,,,,,,,,,False,,,,,,,,LD,False,
14,66.0,ELEC,Vancouver - Grandview,2830 Bentall St,,Vancouver,BC,V5M 4H4,,888-356-8911,E,,Public,24 hours daily,,,,,,1.0,3.0,,FLO,https://flo.ca/,GPS,49.25966,-123.03106,2024-12-07,200760,0.10018,2024-12-07 11:14:53 UTC,,,,2021-11-09,,,,,CHADEMO J1772 J1772COMBO,CA,0.16122,,Accessible 24 heures par jour,,Public,,public,,,,,,,,,,,,,,,,,,,,,,,,,,,,,False,
15,303.0,ELEC,Little Fort Rest Area,9916 Bean Rd,,Little Fort,BC,V0E 2C0,,250-387-3198,E,,Public,24 hours daily,,,,,,1.0,2.0,,Non-Networked,,GPS,51.4277642587847,-120.202746433777,2024-07-11,123576,0.03329,2024-12-03 16:36:52 UTC,P,,,2019-06-05,,,,,CHADEMO J1772 J1772COMBO,CA,0.05358,,24 heures par jour,,Public,,public,,,REST_STOP,,,,,,,Free,Gratuit,,,,,,,,,False,,,,,,,,,False,
16,313.0,ELEC,Mt Terry Fox Rest Area,Mt Terry Fox rest area Highway 16,,Tete Jaune Cache,BC,V0E 1E0,,888-356-8911,E,,Public,24 hours daily,,,,,,1.0,2.0,,FLO,https://flo.ca/,GPS,52.980227,-119.320209,2024-12-07,250782,0.00103,2024-12-07 11:15:04 UTC,,,,2023-01-16,,,,,CHADEMO J1772 J1772COMBO,CA,0.00166,,Accessible 24 heures par jour,,Public,,public,,,,,,,,,,,,,,,,,,,,,,,,,,,,,False,
17,261.0,ELEC,BC Hydro - Britton Creek - Rest Area,Exit 228 Coquihalla Lakes Rd,,Fraser Valley B,BC,V0X 1L0,,1-866-338-3369,E,,Public,24 hours daily,,,,,,,2.0,,BCHYDRO,https://www.bchydro.com/powersmart/electric-vehicles/charging/bc-hydro-ev-network.html,GPS,49.651679,-121.001113,2024-12-07,257281,0.1266,2024-12-07 12:28:16 UTC,,,,2020-11-05,,,,,CHADEMO J1772COMBO,CA,0.20374,,Accessible 24 heures par jour,,Public,,public,,,,,,,,,,,,,,,,,,,,False,,,,,,,,,False,
18,306.0,ELEC,Wire Cache,4334 S Yellowhead Hwy,,Thompson-Nicola B,BC,V0E 1C0,,888-356-8911,E,,Public,24 hours daily,,,,,,,2.0,,FLO,https://flo.ca/,GPS,51.684951,-119.42093,2024-12-07,367815,0.02767,2024-12-07 11:29:13 UTC,,,,2024-11-09,,,,,CHADEMO J1772COMBO,CA,0.04453,,Accessible 24 heures par jour,,Public,,public,,,,,,,,,,,,,,,,,,,,,,,,,,,,,False,
19,307.0,ELEC,BC Hydro - Blue River - Petro Canada,883 Hwy 5 & Shell Rd,,Blue River,BC,V0E 1J0,,1-866-338-3369,E,,Public,24 hours daily,,,,,,,2.0,,BCHYDRO,https://www.bchydro.com/powersmart/electric-vehicles/charging/bc-hydro-ev-network.html,GPS,52.109652,-119.310203,2024-12-07,147373,0.06506,2024-12-07 12:28:18 UTC,,,,2019-10-28,,,,,CHADEMO J1772COMBO,CA,0.1047,,Accessible 24 heures par jour,,Public,,public,,,,,,,,,,,,,,,,,,,,False,,,,,,,,,False,
615,,ELEC,BC Hydro - Boston Bar - Canyon Lanes,47585 BC-1,,Fraser Valley A,BC,V0X,,1-866-338-3369,E,,Public,24 hours daily,,,,,,,2.0,,BCHYDRO,https://www.bchydro.com/powersmart/electric-vehicles/charging/bc-hydro-ev-network.html,GPS,49.8602003090135,-121.440151520238,2024-12-07,257280,0.03168,2024-12-07 12:28:16 UTC,,,,2020-11-05,,,,,CHADEMO J1772COMBO,CA,0.05098,,Accessible 24 heures par jour,,Public,,public,,,,,,,,,,,,,,,,,,,,False,,,,,,,,,False,
623,,ELEC,BC Hydro - Clinton - Village Office,1423 Highway 97,,Clinton,BC,V0K 1K0,,1-866-338-3369,E,,Public,24 hours daily,,,,,,,2.0,,BCHYDRO,https://www.bchydro.com/powersmart/electric-vehicles/charging/bc-hydro-ev-network.html,GPS,51.091893,-121.586585,2024-12-07,140000,0.00533,2024-12-07 12:28:20 UTC,,,,2019-07-01,,,,,CHADEMO J1772COMBO,CA,0.00858,,Accessible 24 heures par jour,,Public,,public,,,,,,,,,,,,,,,,,,,,False,,,,,,,,,False,
624,,ELEC,BC Hydro - 70 Mile House - Canada Post,1597 BC-97,,70 Mile House,BC,V0K 2K0,,1-866-338-3369,E,,Public,24 hours daily,,,,,,,2.0,,BCHYDRO,https://www.bchydro.com/powersmart/electric-vehicles/charging/bc-hydro-ev-network.html,GPS,51.30481,-121.396781,2024-12-07,139999,0.03494,2024-12-07 12:28:21 UTC,,,,2019-08-01,,,,,CHADEMO J1772COMBO,CA,0.05623,,Accessible 24 heures par jour,,Public,,public,,,,,,,,,,,,,,,,,,,,False,,,,,,,,,False,
625,,ELEC,South Cariboo Visitor Centre,155 Wrangler Way,,100 Mile House,BC,V0K 2E0,,250-395-5353,E,,Public - Card key at all times,24 hours daily,A D Debit M V,,,,,,2.0,,Non-Networked,,GPS,51.6414924957355,-121.297813356253,2024-07-11,236267,0.0114,2024-12-03 15:30:14 UTC,P,,,2022-11-17,,,,,CHADEMO J1772COMBO,CA,0.01835,,24 heures par jour,,Public - Carte-clé en tout temps,,public,KEY_ALWAYS,,TRAVEL_CENTER,,,,,,,Free,Gratuit,,,,,,,,,False,,,,,,,,LD,False,
635,,ELEC,Australian Rest Area,Cariboo Hwy at Windt Rd,,Cariboo A,BC,V0K 2E0,,,E,,Public - Credit card at all times,24 hours daily,A D Debit M V,,,,,,2.0,,Non-Networked,,GPS,52.710543755583,-122.45771517899,2023-10-12,236268,0.05391,2024-12-02 18:50:33 UTC,P,,,2022-11-17,,,,,CHADEMO J1772COMBO,CA,0.08676,,24 heures par jour,,Public - Carte de crédit en tout temps,,public,CREDIT_CARD_ALWAYS,,TRAVEL_CENTER,,,,,,,Free,Gratuit,,,,,,,,,False,,,,,,,,LD,False,
643,,ELEC,BC Hydro - Hixon - Tempo Gas Bar,39126 HWY 97 S,,Hixon,BC,V0K 1S0,,1-866-338-3369,E,,Public,24 hours daily,,,,,,,2.0,,BCHYDRO,https://www.bchydro.com/powersmart/electric-vehicles/charging/bc-hydro-ev-network.html,GPS,53.4197,-122.585,2024-12-07,153625,0.01218,2024-12-07 12:28:09 UTC,,,,2020-01-01,,,,,CHADEMO J1772COMBO,CA,0.0196,,Accessible 24 heures par jour,,Public,,public,,,,,,,,,,,,,,,,,,,,False,,,,,,,,,False,
716,,ELEC,Slim Creek Rest Area,BC-16,,Fraser-Fort-George,BC,V0J 2K0,,,E,,Public - Credit card at all times,24 hours daily,A D Debit M V,,,,,,2.0,,Non-Networked,,GPS,53.7263495253404,-121.143964855984,2022-06-10,218907,0.02927,2024-12-02 19:48:34 UTC,P,,,2022-05-18,,,,,CHADEMO J1772COMBO,CA,0.04711,,Accessible 24 heures par jour,,Public - Carte de crédit en tout temps,,public,CREDIT_CARD_ALWAYS,,REST_STOP,,,,,,,,,,,,,,,,,False,,,,,,,,LD,False,
778,,ELEC,City of Leduc – Downtown (level 3),4820 - 49 Avenue,,Leduc,AB,T9E 6X5,,888-356-8911,E,,Public,24 hours daily,,,,,,,2.0,,FLO,https://flo.ca/,GPS,53.264185,-113.550057,2024-12-07,234656,0.57829,2024-12-07 11:21:21 UTC,,,,2022-10-19,,,,,CHADEMO J1772COMBO,CA,0.93067,,Accessible 24 heures par jour,,Public,,public,,,,,,,,,,,,,,,,,,,,,,,,,,,,,False,
788,,ELEC,Sun Market Suites,2402 20 Ave.,,Bowden,AB,T0M 0K0,,866-816-7584,E,,Public,24 hours daily,,,,,,,2.0,,EV Connect,http://evconnect.com/,GPS,51.934188,-114.026185,2024-12-07,253458,0.03345,2024-12-07 10:27:31 UTC,,,,2023-02-07,,,,,CHADEMO J1772COMBO,CA,0.05383,,Accessible 24 heures par jour,,Public,,public,,,,,,,,,,,,,,,,,,,,,,,,,,,,,False,
619,,ELEC,Redhill Rest Area,Highway 1,,Ashcroft,BC,V0K 1A0,,888-356-8911,E,,Public,24 hours daily,,,,,,1.0,1.0,,FLO,https://flo.ca/,GPS,50.639713,-121.343758,2024-12-07,315977,0.00029,2024-12-07 11:21:44 UTC,,,,2023-10-26,,,,,CHADEMO J1772 J1772COMBO,CA,0.00047,,Accessible 24 heures par jour,,Public,,public,,,,,,,,,,,,,,,,,,,,,,,,,,,,,False,
799,,ELEC,P2P - Calgary Cross Iron Mills,261055 Cross Iron Blvd,,Rocky View County,AB,T4A 0G3,,888-356-8911,E,,Public,24 hours daily,,,,,,1.0,1.0,,FLO,https://flo.ca/,GPS,51.203525,-113.990167,2024-12-07,353104,0.51376,2024-12-07 11:28:27 UTC,,,,2024-08-20,,,,,CHADEMO J1772 J1772COMBO,CA,0.82682,,Accessible 24 heures par jour,,Public,,public,,,,,,,,,,,,,,,,,,,,,,,,,,,,,False,
20,136.0,ELEC,Wesgroup Properties - 274 Nelson's Court (BD7) - DC,274 Nelson's Court,,New Westminster,BC,V3L 0E3,,888-356-8911,E,,Public,24 hours daily,,,,,,,1.0,,FLO,https://flo.ca/,GPS,49.224915,-122.890579,2024-12-07,360860,0.83487,2024-12-07 11:29:06 UTC,,,,2024-10-26,,,,,CHADEMO J1772COMBO,CA,1.34359,,Accessible 24 heures par jour,,Public,,public,,,,,,,,,,,,,,,,,,,,,,,,,,,,,False,
21,161.0,ELEC,BARNES HD CA DCFAST LANGLEY,8859 201 St,,Langley City,BC,V2Y 0C8,,888-758-4389,E,,Public,Mon 12:00am - 5:00am; Tue 12:00am - 5:00am; Wed 12:00am - 5:00am; Thu 12:00am - 5:00am; Fri 12:00am - 5:00am; Sat 12:00am - 5:00am; Sun 12:00am - 5:00am,,,,,,,1.0,,ChargePoint Network,http://www.chargepoint.com/,GPS,49.162635,-122.667967,2024-12-07,231832,0.0781,2024-12-07 08:19:19 UTC,,,,2022-10-05,,,,,J1772COMBO,CA,0.12569,,,,Public,,public,,,,,,,,,,,,,,,,,,,,,,,,,,,,,False,
346,,ELEC,Edwards Garage,4403 42 Ave,,Rocky Mountain House,AB,T4T 1A6,,888-356-8911,E,,Public,24 hours daily,,,,,,,1.0,,FLO,https://flo.ca/,GPS,52.36264,-114.90891,2024-12-07,256493,0.09713,2024-12-07 11:17:58 UTC,,,,2023-03-17,,,,,CHADEMO J1772COMBO,CA,0.15632,,Accessible 24 heures par jour,,Public,,public,,,,,,,,,,,,,,,,,,,,,,,,,,,,,False,
787,,ELEC,EQUS (Innisfail),5120 40 Avenue,,Innisfail,AB,T4G 1Z1,,888-356-8911,E,,Public,24 hours daily,,,,,,,1.0,,FLO,https://flo.ca/,GPS,52.030276,-113.928805,2024-12-07,164513,0.09763,2024-12-07 11:21:17 UTC,,,,2020-07-24,,,,,CHADEMO J1772COMBO,CA,0.15712,,Accessible 24 heures par jour,,Public,,public,,,,,,,,,,,,,,,,,,,,,,,,,,,,,False,
789,,ELEC,"QEII Fuel Bar - 3 32580 Range Road 11, Olds",#3 32580 Range Road 11,,Olds,AB,T4H1P5,,888-356-8911,E,,Public,24 hours daily,,,,,,,1.0,,FLO,https://flo.ca/,GPS,51.79439,-114.03754,2024-12-07,357951,0.52586,2024-12-07 11:29:00 UTC,,,,2024-10-12,,,,,CHADEMO J1772COMBO,CA,0.84629,,Accessible 24 heures par jour,,Public,,public,,,,,,,,,,,,,,,,,,,,,,,,,,,,,False,
795,,ELEC,Davis Chevrolet GMC Buick Ltd.,149 East Lake Cres NE,,Airdrie,AB,T4A 2H7,,888-356-8911,E,,Public,24 hours daily,,,,,,,1.0,,FLO,https://flo.ca/,GPS,51.287771,-113.999187,2024-12-07,256494,0.07135,2024-12-07 11:16:00 UTC,,,,2023-03-17,,,,,CHADEMO J1772COMBO,CA,0.11483,,Accessible 24 heures par jour,,Public,,public,,,,,,,,,,,,,,,,,,,,,,,,,,,,,False,
1215,,ELEC,Banff Visitor Centre - Tesla Destination,224 Banff Avenue,,Banff,AB,T1L 1B3,,877-798-3752,E,,Public,,,,,,,8.0,,,Tesla Destination,https://www.tesla.com/destination-charging,GPS,51.177685,-115.57017,2024-07-01,251077,0.87169,2024-10-16 16:58:41 UTC,P,,,2021-01-16,,,,,J1772 TESLA,CA,1.40285,,,,Public,,public,,,,,,,,,,Free,Gratuit,,,,,,,,,,,,,,,,,,False,
23,326.0,ELEC,Auto Canada,15511 123ave,,edmonton,AB,T5V 0C3,,888-356-8911,E,,Public,24 hours daily,,,,,,4.0,,,FLO,https://flo.ca/,GPS,53.576664,-113.589538,2024-12-07,231122,0.16768,2024-12-07 11:19:57 UTC,,,,2022-10-01,,,,,J1772,CA,0.26985,,Accessible 24 heures par jour,,Public,,public,,,,,,,,,,,,,,,,,,,,,,,,,,,,,False,
24,333.0,ELEC,AMA Kingsway,"11220, 109 st, NW",,EDMONTON,AB,T5G 2T6,,855-900-7584,E,,Public,24 hours daily,,,,,,4.0,,,SHELL_RECHARGE,https://www.shell.us/motorist/electric-vehicle-charging.html,GPS,53.561587,-113.509193,2024-12-07,322445,0.73903,2024-12-07 09:35:31 UTC,,,,2023-12-09,,,,,J1772,CA,1.18935,,Accessible 24 heures par jour,,Public,,public,,,,,,,,,,,,,,,,,,,,,,,,,,,,,False,
644,,ELEC,Wood Wheaton Supercentre - Outside,2879 Highway 16 West,,PRINCE GEORGE,BC,V2N 0A3,,888-356-8911,E,,Public,24 hours daily,,,,,,3.0,,,FLO,https://flo.ca/,GPS,53.88607,-122.76898,2024-12-07,257965,0.90763,2024-12-07 11:20:07 UTC,,,,2023-04-06,,,,,J1772,CA,1.46069,,Accessible 24 heures par jour,,Public,,public,,,,,,,,,,,,,,,,,,,,,,,,,,,,,False,
793,,ELEC,Holiday Inn Express & Suites Airdrie-Calgary North - Tesla Destination,64 E Lake Ave NE,,Aidrie,AB,T4A 2G8,,877-798-3752,E,,Public,,,,,,,3.0,,,Tesla Destination,https://www.tesla.com/destination-charging,200-8,51.295673,-113.997998,2024-07-01,122354,0.13201,2024-10-16 16:58:41 UTC,P,,,2017-06-29,,,,,TESLA,CA,0.21245,,,,Public,,public,,,,,,,,,,Free,Gratuit,,,,,,,,,,,,,,,,,,False,
25,186.0,ELEC,STAFF L2 WGCC PUBLIC 1,8889 Walnut Grove Dr,,Langley Township,BC,V1M 2N7,,888-758-4389,E,,Public,24 hours daily,,,,,,2.0,,,ChargePoint Network,http://www.chargepoint.com/,GPS,49.16366,-122.641413,2024-12-07,232196,0.4435,2024-12-07 08:30:09 UTC,,,,2022-10-05,,,,,J1772,CA,0.71374,,Accessible 24 heures par jour,,Public,,public,,,,,,,,,,,,,,,,,,,,,,,,,,,,,False,
26,302.0,ELEC,DOB FADEAR PARK,4484 Airfield Road,By washrooms at Fadear Park,Barrière,BC,V0E 1E0,,888-758-4389,E,,Public,24 hours daily,,,,,,2.0,,,ChargePoint Network,http://www.chargepoint.com/,GPS,51.178419,-120.129056,2024-12-07,260433,0.183,2024-12-07 08:56:53 UTC,,,,2023-05-06,,,,,J1772,CA,0.29451,,Accessible 24 heures par jour,,Public,,public,,,,,,,,,,,,,,,,,,,,,,,,,,,,,False,
343,,ELEC,The Crossing Gas Station and Store,Hwy 93 and AB-11,,Improvement Disctrict No. 9,AB,T0L 1E0,,403-761-7000,E,,Public - Call ahead,24 hours daily; Closed during winter months,,,,,,2.0,,,Non-Networked,,GPS,51.9737176177911,-116.746419282613,2024-05-13,241175,0.05513,2024-05-13 18:40:31 UTC,P,,,2022-12-27,,,,,J1772,CA,0.08872,,24 heures par jour; Fermée pendant l'hiver,,Public - Appeler à l'avance,,public,CALL,,GAS_STATION,,,,,,,Free,Gratuit,,,,,,,,,False,,,,,,,,LD,False,
347,,ELEC,Charlotte Small Elementary School,725 Condor Road,,Condor,AB,T0M 0P0,,888-356-8911,E,,Public,24 hours daily,,,,,,2.0,,,FLO,https://flo.ca/,GPS,52.329538,-114.551992,2024-12-07,260048,0.6743,2024-12-07 11:20:26 UTC,,,,2023-04-28,,,,,J1772,CA,1.08518,,Accessible 24 heures par jour,,Public,,public,,,,,,,,,,,,,,,,,,,,,,,,,,,,,False,
656,,ELEC,COPG EXPLORATION 1,505 Becott Pl,Exploration place North parking lot,CPG,BC,V2L,,888-758-4389,E,,Public,24 hours daily,,,,,,2.0,,,ChargePoint Network,http://www.chargepoint.com/,GPS,53.90544,-122.736305,2024-12-07,262690,0.25357,2024-12-07 08:58:18 UTC,,,,2023-06-14,,,,,J1772,CA,0.40808,,Accessible 24 heures par jour,,Public,,public,,,,,,,,,,,,,,,,,,,,,,,,,,,,,False,
760,,ELEC,AMA Admin,10310 G.A. MacDonald Avenue NW,,Alberta,AB,T6J 6R7,,855-900-7584,E,,Public,24 hours daily,,,,,,2.0,,,SHELL_RECHARGE,https://www.shell.us/motorist/electric-vehicle-charging.html,GPS,53.477543,-113.493461,2024-12-07,322442,0.09477,2024-12-07 09:35:07 UTC,,,,2023-12-09,,,,,J1772,CA,0.15252,,Accessible 24 heures par jour,,Public,,public,,,,,,,,,,,,,,,,,,,,,,,,,,,,,False,
614,,ELEC,Boston Bar - Canyon Lanes Bowling,47555 Trans Canada Hwy,,Boston Bar,BC,V0K 1C0,,888-356-8911,E,,Public,24 hours daily,,,,,,1.0,,,FLO,https://flo.ca/,GPS,49.860008,-121.44014,2024-12-07,130062,0.03651,2024-12-07 11:17:39 UTC,,,,2019-07-17,,,,,J1772,CA,0.05876,,Accessible 24 heures par jour,,Public,,public,,,,,,,,,,,,,,,,,,,,,,,,,,,,,False,
715,,ELEC,Slim Creek Rest Area,Slim Creek Rest Area,,Dome Creek,BC,N0N 3N0,,888-356-8911,E,,Public,24 hours daily,,,,,,1.0,,,FLO,https://flo.ca/,GPS,53.726072,-121.1434,2024-12-07,163501,0.03867,2024-12-07 11:14:54 UTC,,,,2020-06-19,,,,,J1772,CA,0.06223,,Accessible 24 heures par jour,,Public,,public,,,,,,,,,,,,,,,,,,,,,,,,,,,,,False,
773,,ELEC,Premium Outlet Collection Edmonton International Airport,1 Outlet Collection Way Unit 1,,Edmonton International Airport,AB,T9E 1J5,,888-356-8911,E,,Public,24 hours daily,,,,,,1.0,,,FLO,https://flo.ca/,GPS,53.303274,-113.555407,2024-12-07,352173,0.23409,2024-12-07 11:28:20 UTC,,,,2024-08-07,,,,,J1772,CA,0.37673,,Accessible 24 heures par jour,,Public,,public,,,,,,,,,,,,,,,,,,,,,,,,,,,,,False,
1212,,ELEC,Lake Louise Village - Banff National Park - Tesla Destination,200  Village Rd,,Lake Louise,AB,T0L 1E0,,877-798-3752,E,,Public,,,,,,,1.0,,,Tesla Destination,https://www.tesla.com/destination-charging,GPS,51.426479,-116.175944,2024-07-01,250930,0.08069,2024-10-16 16:58:41 UTC,P,,,2022-03-31,,,,,TESLA,CA,0.12986,,,,Public,,public,,,,,,,,,,Free,Gratuit,,,,,,,,,,,,,,,,,,False,
